"ProductTitle","ReviewTitle","ReviewContent","Date","Rating","Author","Country"
"Intel i3-12100F 4.3 GHz Upto 4.3 GHz LGA1700 Socket 4 Cores 8 Threads Desktop Processor Reviews","Excellent","Used it in my first Gaming PC build with a RTX 3060 ti today. Amazing performance !! It's the best budget CPU at this price range and also one of the best budget CPU Intel has ever built. It rarely bottlenecks the RTX 3060 ti in gaming. Only bottlenecks in extremely CPU heavy games like RDR2 when played on 1080p resolution. So I would suggest you to play on 1440p resolution if your monitor supports it as it becomes less CPU bound and more GPU bound which will almost eliminate any kind of bott...","2023-01-01","5","Sukrit Basak","India"
"Intel i3-12100F 4.3 GHz Upto 4.3 GHz LGA1700 Socket 4 Cores 8 Threads Desktop Processor Reviews","Pretty good","Just make sure your seller is RetailNet and you are good to go. Though packaging was not up to the mark. You will be blown away with its performance. A must buy for those who are on a tight budget.","2022-10-01","4","Kiran Panigrahi","India"
"Intel i3-12100F 4.3 GHz Upto 4.3 GHz LGA1700 Socket 4 Cores 8 Threads Desktop Processor Reviews","Fabulous!","Good","2023-04-01","5","Swarupa Salvi","India"
"Intel i3-12100F 4.3 GHz Upto 4.3 GHz LGA1700 Socket 4 Cores 8 Threads Desktop Processor Reviews","Excellent","Very good performance","2022-05-01","5","Flipkart Customer","India"
"Intel i3-12100F 4.3 GHz Upto 4.3 GHz LGA1700 Socket 4 Cores 8 Threads Desktop Processor Reviews","Value-for-money","Good","2023-01-01","4","Wasim Ali","India"
"Intel i3-12100F 4.3 GHz Upto 4.3 GHz LGA1700 Socket 4 Cores 8 Threads Desktop Processor Reviews","Really Nice","Delivered on time and nice product üòä‚ú®","2022-12-01","4","Flipkart Customer","India"
"Intel i3-12100F 4.3 GHz Upto 4.3 GHz LGA1700 Socket 4 Cores 8 Threads Desktop Processor Reviews","Excellent","Very Nice Processor. And i have to say that Retailnet is one of the trusted seller out there. Both Flipkart and seller packaging good no issues there. Previously i was using i5 3470 so i clearly the performance of this beast. I recently bought rx 6500xt which requires pcie 4.0 and with my previous processor it bottleneck so much. That is why i bought this one . Well anyone who is looking for Processor in budget so consider this one.","2023-05-01","5","Suman Haloi","India"
"Intel i3-12100F 4.3 GHz Upto 4.3 GHz LGA1700 Socket 4 Cores 8 Threads Desktop Processor Reviews","Simply awesome","Good Purchase","2022-10-01","5","Sivajith S","India"
"Intel i3-12100F 4.3 GHz Upto 4.3 GHz LGA1700 Socket 4 Cores 8 Threads Desktop Processor Reviews","Just wow!","no issues","2022-07-01","5","Ashu Sharma","India"
"Intel i3-12100F 4.3 GHz Upto 4.3 GHz LGA1700 Socket 4 Cores 8 Threads Desktop Processor Reviews","Wonderful","Processor is Great without any doubt. Work like a charm. I used i7 6700k before and this i3 12100f is powerful than that at 1/4th of the price. I'm happy with the purchase. But however after the cpu fan connects and start spinning for the 1st time one of the fan blade has broken. I think that blade is broken from the beginning and glued it somehow that's why I can't see it at the time of delivery. It's not something that can hamper your work but as it is new you don't like any broken part whe...","2023-08-05","4","Krishna Barat","India"
"Intel i3-12100F 4.3 GHz Upto 4.3 GHz LGA1700 Socket 4 Cores 8 Threads Desktop Processor Reviews","Terrific","Nice Working","2023-04-01","5","Elangovan R","India"
"Intel i3-12100F 4.3 GHz Upto 4.3 GHz LGA1700 Socket 4 Cores 8 Threads Desktop Processor Reviews","Highly recommended","This is the best proccer for budget gamers","2023-03-01","5","Ashik Mondal","India"
"Intel i3-12100F 4.3 GHz Upto 4.3 GHz LGA1700 Socket 4 Cores 8 Threads Desktop Processor Reviews","Simply awesome","Best processor you can get under 9K","2023-02-01","5","Amal Krishna","India"
"Intel i3-12100F 4.3 GHz Upto 4.3 GHz LGA1700 Socket 4 Cores 8 Threads Desktop Processor Reviews","Must buy!","Great budget gaming CPU in 2022. Much better than competition at the same price point.","2023-01-01","5","Shyama Charan Das","India"
"Intel i3-12100F 4.3 GHz Upto 4.3 GHz LGA1700 Socket 4 Cores 8 Threads Desktop Processor Reviews","Best in the market!","Bang for the buck must buy","2022-11-01","5","Flipkart Customer","India"
"Intel i3-12100F 4.3 GHz Upto 4.3 GHz LGA1700 Socket 4 Cores 8 Threads Desktop Processor Reviews","Delightful","Great performance. Just pair it with good graphic card and you can play all games to high settings at hd resolution.","2022-10-01","4","ashish kumar","India"
"Intel i3-12100F 4.3 GHz Upto 4.3 GHz LGA1700 Socket 4 Cores 8 Threads Desktop Processor Reviews","Very Good","Budget beast","2022-08-01","4","K.partha Saradhi reddy","India"
"Intel i3-12100F 4.3 GHz Upto 4.3 GHz LGA1700 Socket 4 Cores 8 Threads Desktop Processor Reviews","Reasonable price, good performer.","Very poor packaging, but good experience overall. Product was delivered in factory sealed box (which was scuffed and banged about in transport quite a lot, so it looks really old but it's not) and works well. I already have the one with iGPU doing HTPC duty, and this is one is used to replace an old 3rd Gen Xeon, so it's a big step up. Pricing was better than offline retail, but the poor handling is quite a let-down.","2023-01-01","4","cranky","India"
"Intel i3-12100F 4.3 GHz Upto 4.3 GHz LGA1700 Socket 4 Cores 8 Threads Desktop Processor Reviews","Decent product","Cpu Fan is not working","2022-08-01","3","Rahul Kumar","India"
"Intel i3-12100F 4.3 GHz Upto 4.3 GHz LGA1700 Socket 4 Cores 8 Threads Desktop Processor Reviews","Did not meet expectations","Received damaged product maybe logistics team did it very bad experience since last 2 orders also this is a non returnable order in the i have to suffer please dont buy these things from Flipkart,i will do whatever in my power to get my hard earned money","2023-01-01","1","Kapil  Lodhi","India"
"Intel i3-12100F 4.3 GHz Upto 4.3 GHz LGA1700 Socket 4 Cores 8 Threads Desktop Processor Reviews","Terrific","Bast","2022-06-01","5","Suresh kumar  Rath","India"
"Intel i3-12100F 4.3 GHz Upto 4.3 GHz LGA1700 Socket 4 Cores 8 Threads Desktop Processor Reviews","Perfect product!","It's a genuine product. You can buy from this seller.And it's much better than i5 12th gen as it's not worth paying more for additional 2 cores which you won't even notice in your day to day use!","2024-04-05","5","Afreen Haque","India"
"Intel i3-12100F 4.3 GHz Upto 4.3 GHz LGA1700 Socket 4 Cores 8 Threads Desktop Processor Reviews","Just wow!","If you need a powerful cpu in budget which can handle heavy title go for it... It is the best budget gaming cpu","2024-04-05","5","Anish  Ghosh","India"
"Intel i3-12100F 4.3 GHz Upto 4.3 GHz LGA1700 Socket 4 Cores 8 Threads Desktop Processor Reviews","Did not meet expectations","Not Working, Not Even Started","2024-04-05","1","Krishna Kumar","India"
"Intel i3-12100F 4.3 GHz Upto 4.3 GHz LGA1700 Socket 4 Cores 8 Threads Desktop Processor Reviews","Excellent","Super sonic speed work, really am happy üòä","2024-04-05","5","Shivaraj pujari Mahampur 9880002061","India"
"Intel i3-12100F 4.3 GHz Upto 4.3 GHz LGA1700 Socket 4 Cores 8 Threads Desktop Processor Reviews","Worth every penny","Good processor better than 10th gen i9 and i bought for graphics design it is running very good on stock cooler","2024-02-05","5","rahul pathak","India"
"Intel i3-12100F 4.3 GHz Upto 4.3 GHz LGA1700 Socket 4 Cores 8 Threads Desktop Processor Reviews","Awesome","if you are going to have a dedicated graphics card then this is good for you","2024-01-05","5","Ali Raza Mansuri","India"
"Intel i3-12100F 4.3 GHz Upto 4.3 GHz LGA1700 Socket 4 Cores 8 Threads Desktop Processor Reviews","Nice product","Good","2024-01-05","4","RAMKRISHNA  KUMAR","India"
"Intel i3-12100F 4.3 GHz Upto 4.3 GHz LGA1700 Socket 4 Cores 8 Threads Desktop Processor Reviews","Worthless","Not working","2024-01-05","2","Munusamy Munusamy","India"
"Intel i3-12100F 4.3 GHz Upto 4.3 GHz LGA1700 Socket 4 Cores 8 Threads Desktop Processor Reviews","Terrific","Super good","2023-09-05","5","kynpham shiji  lyngdoh","India"
"Intel i3-12100F 4.3 GHz Upto 4.3 GHz LGA1700 Socket 4 Cores 8 Threads Desktop Processor Reviews","Great product","Budget processor","2023-08-05","5","Guttlapalli Rama Krishna","India"
"Intel i3-12100F 4.3 GHz Upto 4.3 GHz LGA1700 Socket 4 Cores 8 Threads Desktop Processor Reviews","Brilliant","Very fast prosessr. More powerful than i5 12 gen ... Very nice","2023-05-01","5","Kanav Verma","India"
"Intel i3-12100F 4.3 GHz Upto 4.3 GHz LGA1700 Socket 4 Cores 8 Threads Desktop Processor Reviews","Decent product","Performance is good but gaming time processor release to much temperature","2023-02-01","3","Arko Singha roy","India"
"Intel i3-12100F 4.3 GHz Upto 4.3 GHz LGA1700 Socket 4 Cores 8 Threads Desktop Processor Reviews","Highly recommended","Excellent and working fine","2023-02-01","5","Megha","India"
"Intel i3-12100F 4.3 GHz Upto 4.3 GHz LGA1700 Socket 4 Cores 8 Threads Desktop Processor Reviews","Value-for-money","Ok","2023-02-01","4","Rony Ghosh","India"
"Intel i3-12100F 4.3 GHz Upto 4.3 GHz LGA1700 Socket 4 Cores 8 Threads Desktop Processor Reviews","Perfect product!","Good ‚ú®‚ú®","2023-02-01","5","Flipkart Customer","India"
"Intel i3-12100F 4.3 GHz Upto 4.3 GHz LGA1700 Socket 4 Cores 8 Threads Desktop Processor Reviews","Excellent","Supb. Product","2023-01-01","5","KVV Prasad","India"
"Intel i5-12400F 4.4 GHz Upto 4.4 GHz LGA1700 Socket 6 Cores 12 Threads Desktop Processor Reviews","Mind-blowing purchase","Allrounder processor best for all of thing editing gaming streaming üíØüéâüéâüéâüéâüéâüéâüéâüéâüéâüéâ Must recommended","2022-07-01","5","Amar Saifi","India"
"Intel i5-12400F 4.4 GHz Upto 4.4 GHz LGA1700 Socket 6 Cores 12 Threads Desktop Processor Reviews","Fabulous!","Thank","2022-05-01","5","Flipkart Customer","India"
"Intel i5-12400F 4.4 GHz Upto 4.4 GHz LGA1700 Socket 6 Cores 12 Threads Desktop Processor Reviews","Awesome","One of the Best Processor under this price range purchased this i5 12400f at 11k. in my opinion its one of the best intel processors at this price point.","2023-03-01","5","Pankaj SINGH","India"
"Intel i5-12400F 4.4 GHz Upto 4.4 GHz LGA1700 Socket 6 Cores 12 Threads Desktop Processor Reviews","Best in the market!","Awesome product.","2023-01-01","5","Krishna  Sharma","India"
"Intel i5-12400F 4.4 GHz Upto 4.4 GHz LGA1700 Socket 6 Cores 12 Threads Desktop Processor Reviews","Wonderful","Superb better than 5600x","2022-12-01","5","Amit Garai","India"
"Intel i5-12400F 4.4 GHz Upto 4.4 GHz LGA1700 Socket 6 Cores 12 Threads Desktop Processor Reviews","Simply awesome","Good processor for the price Using it with Asus h610 e d4 Use it with external air cooler Stock cooler is not good","2023-11-05","5","Dheeraj Vishwakarma","India"
"Intel i5-12400F 4.4 GHz Upto 4.4 GHz LGA1700 Socket 6 Cores 12 Threads Desktop Processor Reviews","Awesome","Product is good but packaging is bad.","2023-01-01","5","Aryan Kumar","India"
"Intel i5-12400F 4.4 GHz Upto 4.4 GHz LGA1700 Socket 6 Cores 12 Threads Desktop Processor Reviews","Perfect product!","Awesome and original product delivery. Thank you üíó","2022-12-01","5","Rohit Shaw","India"
"Intel i5-12400F 4.4 GHz Upto 4.4 GHz LGA1700 Socket 6 Cores 12 Threads Desktop Processor Reviews","Mind-blowing purchase","Very good and genuine product. Best under 12k range for gaming editing etc. But if your main work is editing then grab 12400 when it is on offer, integrated graphics helps in editing and rendring","2023-04-01","5","MD HAIDER ANSARI","India"
"Intel i5-12400F 4.4 GHz Upto 4.4 GHz LGA1700 Socket 6 Cores 12 Threads Desktop Processor Reviews","Classy product","GOT A GENUINE PRODUCT AND IS WHAT IS SHOWN.","2022-12-01","5","Prateek Sharda","India"
"Intel i5-12400F 4.4 GHz Upto 4.4 GHz LGA1700 Socket 6 Cores 12 Threads Desktop Processor Reviews","Must buy!","Good product. üëç","2022-12-01","5","Flipkart Customer","India"
"Intel i5-12400F 4.4 GHz Upto 4.4 GHz LGA1700 Socket 6 Cores 12 Threads Desktop Processor Reviews","Simply awesome","Excellence processor in the price tag of 11K . But motherboards are costly. Working great with Asus H610M E D4 Motherboard","","5","Shiva  Paul","India"
"Intel i5-12400F 4.4 GHz Upto 4.4 GHz LGA1700 Socket 6 Cores 12 Threads Desktop Processor Reviews","Good genuine processor, VFM.","Genuine processor recieved. Packaging was average, the delivery guy opened the sealed box in front of me to verify and then took OTP for delivery. Good experience. The processor itself is very good for medium usage (1080p gaming) and my upgrade is from 9th gen i5 and I can see a very good improvement in overall system performance. One thing to note, you might want to upgrade the cooler if you use it for heavy workloads. For my use case, the stock cooler seems sufficient but will review during...","2023-11-05","5","Flipkart Customer","India"
"Intel i5-12400F 4.4 GHz Upto 4.4 GHz LGA1700 Socket 6 Cores 12 Threads Desktop Processor Reviews","Terrific","Packing Is Good. Thanks To The Seller And  Flipkart For This.","2023-11-05","5","Nitesh Kumar","India"
"Intel i5-12400F 4.4 GHz Upto 4.4 GHz LGA1700 Socket 6 Cores 12 Threads Desktop Processor Reviews","Brilliant","Works great with RTX 3070..","2023-10-05","5","Nagendra Singh","India"
"Intel i5-12400F 4.4 GHz Upto 4.4 GHz LGA1700 Socket 6 Cores 12 Threads Desktop Processor Reviews","Terrific purchase","Very Good upgrade Note: graphics card is necessary","2023-10-05","5","Sourik Ballav","India"
"Intel i5-12400F 4.4 GHz Upto 4.4 GHz LGA1700 Socket 6 Cores 12 Threads Desktop Processor Reviews","Perfect product!","received original product as mentioned","2023-01-01","5","Savitra jb","India"
"Intel i5-12400F 4.4 GHz Upto 4.4 GHz LGA1700 Socket 6 Cores 12 Threads Desktop Processor Reviews","Wonderful","This is just amazing I will use it for everything gaming, editing for my business and many more uses","2022-12-01","5","Abhi","India"
"Intel i5-12400F 4.4 GHz Upto 4.4 GHz LGA1700 Socket 6 Cores 12 Threads Desktop Processor Reviews","Really Nice","Very good working this prosessor But without grafix card not screen show","2023-03-01","4","Dharmendra  Sharma","India"
"Intel i5-12400F 4.4 GHz Upto 4.4 GHz LGA1700 Socket 6 Cores 12 Threads Desktop Processor Reviews","Awesome","Good","2024-07-02","5","RAJESH. M","India"
"Intel i5-12400F 4.4 GHz Upto 4.4 GHz LGA1700 Socket 6 Cores 12 Threads Desktop Processor Reviews","Terrific purchase","Very good","2024-06-28","5","IDEA ME","India"
"Intel i5-12400F 4.4 GHz Upto 4.4 GHz LGA1700 Socket 6 Cores 12 Threads Desktop Processor Reviews","Fabulous!","best for every thing  editing gaming streaming...","","5","Gyaprasad kushwaha","India"
"Intel i5-12400F 4.4 GHz Upto 4.4 GHz LGA1700 Socket 6 Cores 12 Threads Desktop Processor Reviews","Simply awesome","Every thing great only Intel sticker is missing","","5","Shweta Baraskar","India"
"Intel i5-12400F 4.4 GHz Upto 4.4 GHz LGA1700 Socket 6 Cores 12 Threads Desktop Processor Reviews","Simply awesome","Perfectly works with my GTX 1060 6GB. Though it can handle more powerful graphic cards like RTX 4060Ti or even 4070 üî•üî•","","5","Manav Halder","India"
"Intel i5-12400F 4.4 GHz Upto 4.4 GHz LGA1700 Socket 6 Cores 12 Threads Desktop Processor Reviews","Excellent","Value for money product üî• power-full cpu","","5","Debraj Sarkar","India"
"Intel i5-12400F 4.4 GHz Upto 4.4 GHz LGA1700 Socket 6 Cores 12 Threads Desktop Processor Reviews","Simply awesome","Good product","2024-05-05","5","Jayanta Roy","India"
"Intel i5-12400F 4.4 GHz Upto 4.4 GHz LGA1700 Socket 6 Cores 12 Threads Desktop Processor Reviews","Terrific","Great purchase, satisfied with the open box and one day delivery, recommend to all who are looking to buy this","2023-10-05","5","Chahet Sharma","India"
"Intel i5-12400F 4.4 GHz Upto 4.4 GHz LGA1700 Socket 6 Cores 12 Threads Desktop Processor Reviews","Perfect product!","Great purchase üëçüèª Got a good deal considering the market value. Waiting for the AMD Ryzen 7000 series processor on sale.","2023-09-05","5","CH V S R SOMABH","India"
"Intel i5-12400F 4.4 GHz Upto 4.4 GHz LGA1700 Socket 6 Cores 12 Threads Desktop Processor Reviews","Good quality product","Good processor....packaging can be better  utilized no issues","2023-03-01","4","Flipkart Customer","India"
"Intel i5-12400F 4.4 GHz Upto 4.4 GHz LGA1700 Socket 6 Cores 12 Threads Desktop Processor Reviews","Must buy!","Exilent work","2023-03-01","5","Bijoy Saha","India"
"Intel i5-12400F 4.4 GHz Upto 4.4 GHz LGA1700 Socket 6 Cores 12 Threads Desktop Processor Reviews","Just wow!","Fantastic processor","2023-01-01","5","Md Masum Siddiqui","India"
"Intel i5-12400F 4.4 GHz Upto 4.4 GHz LGA1700 Socket 6 Cores 12 Threads Desktop Processor Reviews","Must buy!","Very nice product and service","2023-01-01","5","sachin wani","India"
"Intel i5-12400F 4.4 GHz Upto 4.4 GHz LGA1700 Socket 6 Cores 12 Threads Desktop Processor Reviews","Brilliant","Best seal good product .. I love it.. Thanx to seller","2022-12-01","5","Manoranjan Mishra","India"
"Intel i5-12400F 4.4 GHz Upto 4.4 GHz LGA1700 Socket 6 Cores 12 Threads Desktop Processor Reviews","Excellent","The best gaming processor under 20k. Simply brilliant.","2022-10-01","5","Varun Kumar","India"
"Intel i5-12400F 4.4 GHz Upto 4.4 GHz LGA1700 Socket 6 Cores 12 Threads Desktop Processor Reviews","Simply awesome","Capable to perform heavy tasks üî•üî•","2023-09-05","5","Ritik Rajput","India"
"Intel i5-12400F 4.4 GHz Upto 4.4 GHz LGA1700 Socket 6 Cores 12 Threads Desktop Processor Reviews","Does the job","Product good, working fine, good packaging delivery on time but I don't know if it's OEM and retail CPU. The seller does not mention what type of cpu.","2023-01-01","3","Hemant Kumar","India"
"Intel i5-12400F 4.4 GHz Upto 4.4 GHz LGA1700 Socket 6 Cores 12 Threads Desktop Processor Reviews","Decent product","Go","2024-04-05","3","RAJU SHAIKH","India"
"Intel i5-12400F 4.4 GHz Upto 4.4 GHz LGA1700 Socket 6 Cores 12 Threads Desktop Processor Reviews","Pretty good","Packing could be better other than it is good","","4","Kishore Kumar","India"
"Intel i5-12400F 4.4 GHz Upto 4.4 GHz LGA1700 Socket 6 Cores 12 Threads Desktop Processor Reviews","Best in the market!","Excellent","2024-06-22","5","ARUN Rajput","India"
"Intel i5-12400F 4.4 GHz Upto 4.4 GHz LGA1700 Socket 6 Cores 12 Threads Desktop Processor Reviews","Terrific purchase","Awesome worth every penny üëç","2024-06-19","5","emanual hembrom","India"
"Intel i5-12400F 4.4 GHz Upto 4.4 GHz LGA1700 Socket 6 Cores 12 Threads Desktop Processor Reviews","Excellent","Great pricing on flipkart and a bang for the bucks in this range","2024-06-16","5","Naveen kumar","India"
"Intel i5-12400F 4.4 GHz Upto 4.4 GHz LGA1700 Socket 6 Cores 12 Threads Desktop Processor Reviews","Brilliant","beautiful product","2024-06-13","5","Anurag Barley","India"
"Intel i5-12400F 4.4 GHz Upto 4.4 GHz LGA1700 Socket 6 Cores 12 Threads Desktop Processor Reviews","Delightful","good","","4","Flipkart Customer","India"
"Intel i5-12400F 4.4 GHz Upto 4.4 GHz LGA1700 Socket 6 Cores 12 Threads Desktop Processor Reviews","Terrible product","Important note : without graphics card no sinal cpu , I am using this processor with asus h610motherboard combination not working without gpu..you buy separate gpu","","1","K.Jayaraman Balakrishnan","India"
"Intel i5-12400F 4.4 GHz Upto 4.4 GHz LGA1700 Socket 6 Cores 12 Threads Desktop Processor Reviews","Good quality product","Good","","4","prem sagar","India"
"Intel i5-12400F 4.4 GHz Upto 4.4 GHz LGA1700 Socket 6 Cores 12 Threads Desktop Processor Reviews","Highly recommended","Working fine and fast delivery. It's a good cpu.","2024-05-05","5","Pavnesh .","India"
"Intel i5-12400F 4.4 GHz Upto 4.4 GHz LGA1700 Socket 6 Cores 12 Threads Desktop Processor Reviews","Excellent","Fully trusted product ‚ò∫Ô∏è‚ò∫Ô∏è‚ò∫Ô∏è‚ò∫Ô∏è","2024-05-05","5","Tapan Mandal","India"
"Intel i5-12400F 4.4 GHz Upto 4.4 GHz LGA1700 Socket 6 Cores 12 Threads Desktop Processor Reviews","Must buy!","Works like a charm,upgraded from 2 core processor to 6 core 12 threaded , and pc does things pretty darn fast","2024-05-05","5","BISHWA PRIYA ROY","India"
"Intel i5-12400F 4.4 GHz Upto 4.4 GHz LGA1700 Socket 6 Cores 12 Threads Desktop Processor Reviews","Classy product","gud","2024-05-05","5","Flipkart Customer","India"
"Intel i5-12400F 4.4 GHz Upto 4.4 GHz LGA1700 Socket 6 Cores 12 Threads Desktop Processor Reviews","Value-for-money","very good packaging and products safe üôÇ Thank you Flipkart","2024-05-05","4","Pragnesh Vasava","India"
"Intel i5-12400F 4.4 GHz Upto 4.4 GHz LGA1700 Socket 6 Cores 12 Threads Desktop Processor Reviews","Terrific","This product is awesome üëçüèª thanks to Flipkart to give me 81% off this product and the delivery and product is great üòÉüëçüèª","2024-05-05","5","Shubham Jadon","India"
"Intel i5-12400F 4.4 GHz Upto 4.4 GHz LGA1700 Socket 6 Cores 12 Threads Desktop Processor Reviews","Best in the market!","Great prr","2024-05-05","5","Shankar Roy","India"
"Intel i5-12400F 4.4 GHz Upto 4.4 GHz LGA1700 Socket 6 Cores 12 Threads Desktop Processor Reviews","Perfect product!","Very happy intel pr","2024-05-05","5","Flipkart Customer","India"
"Intel i5-12400F 4.4 GHz Upto 4.4 GHz LGA1700 Socket 6 Cores 12 Threads Desktop Processor Reviews","Just wow!","Fantastic Processor..!! I just love it","2024-05-05","5","Pratik Polsai","India"
"Intel i5-12400F 4.4 GHz Upto 4.4 GHz LGA1700 Socket 6 Cores 12 Threads Desktop Processor Reviews","Not recommended at all","Very bad","2024-05-05","1","Santanu Sahu","India"
"Intel i5-12400F 4.4 GHz Upto 4.4 GHz LGA1700 Socket 6 Cores 12 Threads Desktop Processor Reviews","Just okay","Value for money","2024-04-05","3","Abhishek Raj","India"
"Intel i5-12400F 4.4 GHz Upto 4.4 GHz LGA1700 Socket 6 Cores 12 Threads Desktop Processor Reviews","Terrific purchase","Good","2024-04-05","5","Rajibul Rb Laskar","India"
"Intel i5-12400F 4.4 GHz Upto 4.4 GHz LGA1700 Socket 6 Cores 12 Threads Desktop Processor Reviews","Just wow!","Very good price","2024-04-05","5","Sijo Joseph  Kavalakkat","India"
"Intel i5-12400F 4.4 GHz Upto 4.4 GHz LGA1700 Socket 6 Cores 12 Threads Desktop Processor Reviews","Value-for-money","Original","2024-04-05","4","Daxesh Mehta","India"
"Intel i5-12400F 4.4 GHz Upto 4.4 GHz LGA1700 Socket 6 Cores 12 Threads Desktop Processor Reviews","Must buy!","Super","2024-04-05","5","Subhas Saren","India"
"Intel i5-12400F 4.4 GHz Upto 4.4 GHz LGA1700 Socket 6 Cores 12 Threads Desktop Processor Reviews","Wonderful","Good product","2024-04-05","4","Prem Kumar","India"
"Intel i5-12400F 4.4 GHz Upto 4.4 GHz LGA1700 Socket 6 Cores 12 Threads Desktop Processor Reviews","Super!","Nice product with offer","2024-03-05","5","nitesh  swami","India"
"Intel i5-12400F 4.4 GHz Upto 4.4 GHz LGA1700 Socket 6 Cores 12 Threads Desktop Processor Reviews","Wonderful","Good","2024-03-05","5","Shivam  Singh","India"
"Intel i5-12400F 4.4 GHz Upto 4.4 GHz LGA1700 Socket 6 Cores 12 Threads Desktop Processor Reviews","Just wow!","I love intel","2024-02-05","5","Sahitya Polley","India"
"Intel i5-12400F 4.4 GHz Upto 4.4 GHz LGA1700 Socket 6 Cores 12 Threads Desktop Processor Reviews","Terrific","Excellent product","2024-02-05","5","Navpreet Singh","India"
"Intel i5-12400F 4.4 GHz Upto 4.4 GHz LGA1700 Socket 6 Cores 12 Threads Desktop Processor Reviews","Great product","Great performance processor. Nicely packed and delivered.","2024-02-05","5","Ankur  Yadav","India"
"Intel i5-12400F 4.4 GHz Upto 4.4 GHz LGA1700 Socket 6 Cores 12 Threads Desktop Processor Reviews","Simply awesome","Very good product. The games work flawlessly with this processor","2024-02-05","5","Anush Chandru","India"
"Intel i5-12400F 4.4 GHz Upto 4.4 GHz LGA1700 Socket 6 Cores 12 Threads Desktop Processor Reviews","Good quality product","Good processor for ideal","2024-01-05","4","Ahammad Parayangattil","India"
"Intel i5-12400F 4.4 GHz Upto 4.4 GHz LGA1700 Socket 6 Cores 12 Threads Desktop Processor Reviews","Mind-blowing purchase","Excellent and flawless packaging and shipping. Very good service. Immensely happy with the product !","2024-01-05","5","Kul Mity","India"
"Intel i5-12400F 4.4 GHz Upto 4.4 GHz LGA1700 Socket 6 Cores 12 Threads Desktop Processor Reviews","Great product","Great","2024-01-05","5","Samim Sultan","India"
"Intel i5-12400F 4.4 GHz Upto 4.4 GHz LGA1700 Socket 6 Cores 12 Threads Desktop Processor Reviews","Wonderful","Good product","2024-01-05","5","Flipkart Customer","India"
"Intel i5-12400F 4.4 GHz Upto 4.4 GHz LGA1700 Socket 6 Cores 12 Threads Desktop Processor Reviews","Simply awesome","Got this i5 12th gen processor under 10k at bbd sale, paired it with MSI Pro H610M- E DDR4 , Performing like a beast on a day to day task and casual to mid casual gaming , just one thing to take note the stock intel cooler doesn't perform as good, so better go with another third party CPU cooler I am using Deep cool ag400 and the CPU temp never goes above 60 degrees!! Great product","2023-12-05","5","Ruma Bose","India"
"Intel i5-12400F 4.4 GHz Upto 4.4 GHz LGA1700 Socket 6 Cores 12 Threads Desktop Processor Reviews","Terrific","Best CPU in budget. I love this product. On time delivery. Delivery boy behaviour is too good.Thanks Flipkart","2023-11-05","5","Ezhar Mansuri","India"
"Intel i5-12400F 4.4 GHz Upto 4.4 GHz LGA1700 Socket 6 Cores 12 Threads Desktop Processor Reviews","Good","Superb","2023-11-05","3","Flipkart Customer","India"
"Intel i5-12400F 4.4 GHz Upto 4.4 GHz LGA1700 Socket 6 Cores 12 Threads Desktop Processor Reviews","Wonderful","Good balanced cpu for gaming üíØ","2023-11-05","5","Harminder Singh","India"
"Intel i5-12400F 4.4 GHz Upto 4.4 GHz LGA1700 Socket 6 Cores 12 Threads Desktop Processor Reviews","Just wow!","Thnks flipkart","2023-11-05","5","Shubham Kumar","India"
"Intel i5-12400F 4.4 GHz Upto 4.4 GHz LGA1700 Socket 6 Cores 12 Threads Desktop Processor Reviews","Brilliant","Sealed package. Working well.","2023-11-05","5","Raghunath N","India"
"Intel i5-12400F 4.4 GHz Upto 4.4 GHz LGA1700 Socket 6 Cores 12 Threads Desktop Processor Reviews","Classy product","Best budget CPU, I got open delivery and it's  good condition product.","2023-11-05","5","Jignesh Solanki","India"
"Intel i5-12400F 4.4 GHz Upto 4.4 GHz LGA1700 Socket 6 Cores 12 Threads Desktop Processor Reviews","Excellent","Great CPU works okish with the CPU cooler involved","2023-11-05","5","Aman Dangwal","India"
"Intel i5-12400F 4.4 GHz Upto 4.4 GHz LGA1700 Socket 6 Cores 12 Threads Desktop Processor Reviews","Must buy!","Good","2023-11-05","5","Navjot Kumar","India"
"Intel i5-12400F 4.4 GHz Upto 4.4 GHz LGA1700 Socket 6 Cores 12 Threads Desktop Processor Reviews","Must buy!","Great Purchase","2023-11-05","5","Nitesh  kumar","India"
"Intel i5-12400F 4.4 GHz Upto 4.4 GHz LGA1700 Socket 6 Cores 12 Threads Desktop Processor Reviews","Excellent","Good","2023-11-05","5","Kaushal Singh  Yadav","India"
"Intel i5-12400F 4.4 GHz Upto 4.4 GHz LGA1700 Socket 6 Cores 12 Threads Desktop Processor Reviews","Terrific purchase","INTEL Processor i5 12400F","2023-10-05","5","K Ashok Kumar Shetty","India"
"Intel i5-12400F 4.4 GHz Upto 4.4 GHz LGA1700 Socket 6 Cores 12 Threads Desktop Processor Reviews","Classy product","Nice","2023-09-05","5","Flipkart Customer","India"
"Intel i5-12400F 4.4 GHz Upto 4.4 GHz LGA1700 Socket 6 Cores 12 Threads Desktop Processor Reviews","Simply awesome","Impressive","2023-09-05","5","Dilshad Khan","India"
"Intel i5-12400F 4.4 GHz Upto 4.4 GHz LGA1700 Socket 6 Cores 12 Threads Desktop Processor Reviews","Super!","Superb quality....","2023-09-05","5","Arup Saha","India"
"Intel i5-12400F 4.4 GHz Upto 4.4 GHz LGA1700 Socket 6 Cores 12 Threads Desktop Processor Reviews","Really Nice","Good","2023-09-05","4","Satish Chauhan","India"
"Intel i5-12400F 4.4 GHz Upto 4.4 GHz LGA1700 Socket 6 Cores 12 Threads Desktop Processor Reviews","Must buy!","Value for money processor and great performance","2023-09-05","5","Flipkart Customer","India"
"Intel i5-12400F 4.4 GHz Upto 4.4 GHz LGA1700 Socket 6 Cores 12 Threads Desktop Processor Reviews","Super!","Good quality üëå work great üëç","2023-08-05","5","deepak Sioria","India"
"Intel i5-12400F 4.4 GHz Upto 4.4 GHz LGA1700 Socket 6 Cores 12 Threads Desktop Processor Reviews","Does the job","Nice. Product","2023-08-05","3","Flipkart Customer","India"
"Intel i5-12400F 4.4 GHz Upto 4.4 GHz LGA1700 Socket 6 Cores 12 Threads Desktop Processor Reviews","Super!","good processor","2023-06-01","5","Ronak  Patel","India"
"Intel i5-12400F 4.4 GHz Upto 4.4 GHz LGA1700 Socket 6 Cores 12 Threads Desktop Processor Reviews","Mind-blowing purchase","Perfect thanks üòä","2023-06-01","5","Amit  Kumar","India"
"Intel i5-12400F 4.4 GHz Upto 4.4 GHz LGA1700 Socket 6 Cores 12 Threads Desktop Processor Reviews","Good quality product","Good as described....","2023-06-01","4","Santosh Jaiswal","India"
"Intel i5-12400F 4.4 GHz Upto 4.4 GHz LGA1700 Socket 6 Cores 12 Threads Desktop Processor Reviews","Wonderful","great","2023-06-01","5","Flipkart Customer","India"
"Intel i5-12400F 4.4 GHz Upto 4.4 GHz LGA1700 Socket 6 Cores 12 Threads Desktop Processor Reviews","Awesome","High performance","2023-06-01","5","Vikram Kumbhalkar","India"
"Intel i5-12400F 4.4 GHz Upto 4.4 GHz LGA1700 Socket 6 Cores 12 Threads Desktop Processor Reviews","Great product","super","2023-05-01","5","Vasanth","India"
"Intel i5-12400F 4.4 GHz Upto 4.4 GHz LGA1700 Socket 6 Cores 12 Threads Desktop Processor Reviews","Great product","Nice","2023-05-01","5","Divya Srikanth","India"
"Intel i5-12400F 4.4 GHz Upto 4.4 GHz LGA1700 Socket 6 Cores 12 Threads Desktop Processor Reviews","Excellent","excellent","2023-04-01","5","Raj Singh","India"
"Intel i5-12400F 4.4 GHz Upto 4.4 GHz LGA1700 Socket 6 Cores 12 Threads Desktop Processor Reviews","Worth the money","Packaging was bad, but product is good.. Thanks Flipkart for amazing deal! Loved it..","2023-03-01","4","updist kumar","India"
"Intel i5-12400F 4.4 GHz Upto 4.4 GHz LGA1700 Socket 6 Cores 12 Threads Desktop Processor Reviews","Best in the market!","Super","2023-03-01","5","Likhith  Shamu","India"
"Intel i5-12400F 4.4 GHz Upto 4.4 GHz LGA1700 Socket 6 Cores 12 Threads Desktop Processor Reviews","Very Good","Nice product üëçüëçüëç","2023-02-01","4","Ravi Kashyap","India"
"Intel i5-12400F 4.4 GHz Upto 4.4 GHz LGA1700 Socket 6 Cores 12 Threads Desktop Processor Reviews","Wonderful","Overall good deal.","2023-02-01","5","Abhimanyu Kumar","India"
"Intel i5-12400F 4.4 GHz Upto 4.4 GHz LGA1700 Socket 6 Cores 12 Threads Desktop Processor Reviews","Good choice","Best gaming processor in the budget.","2023-01-01","4","Dhananjay Gajbhare","India"
"Intel i5-12400F 4.4 GHz Upto 4.4 GHz LGA1700 Socket 6 Cores 12 Threads Desktop Processor Reviews","Simply awesome","Very good","2023-01-01","5","Flipkart Customer","India"
"Intel i5-12400F 4.4 GHz Upto 4.4 GHz LGA1700 Socket 6 Cores 12 Threads Desktop Processor Reviews","Simply awesome","good processor","2023-01-01","5","Flipkart Customer","India"
"Intel i5-12400F 4.4 GHz Upto 4.4 GHz LGA1700 Socket 6 Cores 12 Threads Desktop Processor Reviews","Highly recommended","Super üëåüèªüëåüèª","2023-01-01","5","Flipkart Customer","India"
"Intel i5-12400F 4.4 GHz Upto 4.4 GHz LGA1700 Socket 6 Cores 12 Threads Desktop Processor Reviews","Classy product","Awesome","2023-01-01","5","Nagendra  Hs","India"
"Intel i5-12400F 4.4 GHz Upto 4.4 GHz LGA1700 Socket 6 Cores 12 Threads Desktop Processor Reviews","Fabulous!","GREAT","2022-12-01","5","Flipkart Customer","India"
"Intel i5-12400F 4.4 GHz Upto 4.4 GHz LGA1700 Socket 6 Cores 12 Threads Desktop Processor Reviews","Terrific","best Cpu I have purchase from flipkart","2022-10-01","5","Nilesh Chavan","India"
"Intel i5-12400F 4.4 GHz Upto 4.4 GHz LGA1700 Socket 6 Cores 12 Threads Desktop Processor Reviews","Good quality product","Super","2022-09-01","4","SHIVAM D NAYKA","India"
"Intel i5-13600K 2.6 GHz LGA1700 Socket 6 Cores Desktop Processor Reviews","Great product","CHEAPEST PRICE, WORKING GREAT, UPGRADED FROM DUAL CORE E2140 1.6 GHZ, THE PERFORMANCE IS UNMATCHED AT THIS PRICE","2023-02-01","5","RONIE","India"
"Intel i5-13600K 2.6 GHz LGA1700 Socket 6 Cores Desktop Processor Reviews","Super!","Its very good processor Work perfectly","2023-01-01","5","Khabdul","India"
"Intel i5-13600K 2.6 GHz LGA1700 Socket 6 Cores Desktop Processor Reviews","Mind-blowing purchase","Breakthrough performance","2024-04-05","5","Akashdeep Roy","India"
"Intel i5-13600K 2.6 GHz LGA1700 Socket 6 Cores Desktop Processor Reviews","Good quality product","Original Product and Good seller.","2024-02-05","4","Prabhu U","India"
"Intel i5-13600K 2.6 GHz LGA1700 Socket 6 Cores Desktop Processor Reviews","Fabulous!","Very much appreciated","2023-12-05","5","KARUNAKAR  Reddy","India"
"Intel i5-13600K 2.6 GHz LGA1700 Socket 6 Cores Desktop Processor Reviews","Terrific","Works perfevt no issues in delivery or usability","2023-11-05","5","Flipkart Customer","India"
"Intel i5-13600K 2.6 GHz LGA1700 Socket 6 Cores Desktop Processor Reviews","Perfect product!","Very good","2023-11-05","5","SUNIL  KUMAR","India"
"Intel i5-13600KF 2.6 GHz LGA1700 Socket 6 Cores Desktop Processor Reviews","Super!","Great power comes with greatest i5 ever till date. Wooping 14cores mamoth 20 thread put all last gen i7/ i9/ryzen cpus to shame. Best price performance till date if you have this budget. Great pair till nvidia rtx 4080.","2023-03-01","5","Subhadeep Podder","India"
"Intel i5-13600KF 2.6 GHz LGA1700 Socket 6 Cores Desktop Processor Reviews","Fabulous!","Great processor if you like to get a processor for any kind of productivity this would comes in handy With great multi-core operation works well on after effects premiere Pro davinci blender etc better than any amd processor available on this price range as it got 14 cores With will be very efficient and effective while using it for productivity Even cpu focused games like fifa works very well with it Better processor then 12th gen i7","2023-06-01","5","m.mathi Yazhagan","India"
"Intel i5-13600KF 2.6 GHz LGA1700 Socket 6 Cores Desktop Processor Reviews","Must buy!","Genuine product really good service by flipkart.","2023-01-01","5","Souvik  Mukherjee","India"
"Intel i5-13600KF 2.6 GHz LGA1700 Socket 6 Cores Desktop Processor Reviews","Mind-blowing purchase","Good product works correct","2023-12-05","5","Flipkart Customer","India"
"Intel i5-13600KF 2.6 GHz LGA1700 Socket 6 Cores Desktop Processor Reviews","Great product","PURCHASE at 25k this is best CPU WITH GREAT POWER WITH GREAT PERFORMANCE","2023-04-01","5","Rashid Saifi","India"
"Intel i7-13700K 2.5 GHz LGA1700 Socket 8 Cores Desktop Processor Reviews","Terrific","Original product and cheap from market rate","2023-02-01","5","Anu Jindal","India"
"Intel i7-13700K 2.5 GHz LGA1700 Socket 8 Cores Desktop Processor Reviews","Terrific purchase","Beast processor for my assemble","2023-06-01","5","Yudhveer Sindhu","India"
"Intel i7-13700K 2.5 GHz LGA1700 Socket 8 Cores Desktop Processor Reviews","Perfect product!","Nice Product.. A good cpu cooler is required. Perform well.","2023-05-01","5","Gyanendra   Nath","India"
"Intel i7-13700K 2.5 GHz LGA1700 Socket 8 Cores Desktop Processor Reviews","Awesome","It was sealed pack, and the serial number match on box and processor.","2023-11-05","5","MOHAMMED FARHAN","India"
"Intel i7-13700K 2.5 GHz LGA1700 Socket 8 Cores Desktop Processor Reviews","Really Nice","Very powerful processor, if you want to become a contant creater, like designing editing than its perfect for you. Or if you want to earn money with your work than go for i9 13900k","2023-08-05","4","Ajay Kumar","India"
"Intel i7-13700K 2.5 GHz LGA1700 Socket 8 Cores Desktop Processor Reviews","Fabulous!","Excellent performance","2023-09-05","5","Satyam  Raj","India"
"Intel i7-13700K 2.5 GHz LGA1700 Socket 8 Cores Desktop Processor Reviews","Fair","Nice product","2024-06-18","3","Alo Kath","India"
"Intel i7-13700K 2.5 GHz LGA1700 Socket 8 Cores Desktop Processor Reviews","Highly recommended","Great processor","2024-04-05","5","C. LALRINNUNGA PUIA","India"
